extraction1,extraction2,extraction3,extraction4,extraction5,extraction6,extraction7,extraction8,extraction9,extraction10,Treatment,count
1,1,1,1,1,1,1,1,1,1,Control,1
20,15,25,20,23,30,25,25,25,20,Self-serving,1
20,21,21,8,28,19,21,30,21,21,Control,1
20,20,18,17,15,15,15,12,14,15,Control,1
20,20,18,11,20,20,15,25,20,16,Pro-social,1
20,20,15,20,20,25,25,20,20,20,Pro-social,1
20,18,20,20,20,24,25,20,18,20,Self-serving,1
20,18,18,20,19,19,18,19,15,18,Control,1
20,16,17,15,24,18,15,15,24,17,Control,1
20,16,16,23,16,11,6,6,21,16,Self-serving,1
20,15,30,10,22,27,14,16,10,10,Control,1
20,15,28,22,18,27,13,25,16,30,Control,1
20,15,20,24,24,20,18,25,25,28,Pro-social,1
20,22,25,19,16,22,20,26,26,11,Pro-social,1
20,15,18,18,17,20,15,17,20,15,Self-serving,1
20,15,15,15,15,14,15,15,20,30,Pro-social,1
20,15,12,16,12,10,24,16,24,18,Pro-social,1
20,13,20,18,15,15,17,16,17,28,Self-serving,1
20,11,23,8,15,20,21,10,10,10,Pro-social,1
20,11,15,17,12,20,12,12,11,19,Pro-social,1
20,11,15,15,14,14,14,16,16,16,Pro-social,1
20,11,10,15,5,15,6,6,6,15,Control,1
20,10,30,10,10,15,15,15,15,20,Self-serving,1
20,10,15,20,30,15,25,20,10,10,Self-serving,1
20,22,20,22,15,20,21,19,20,23,Pro-social,1
20,22,25,25,25,20,25,24,27,20,Pro-social,1
19,16,25,17,30,16,11,19,19,19,Pro-social,1
20,30,30,30,30,29,30,30,29,30,Control,1
23,7,20,10,18,7,2,13,4,1,Self-serving,1
23,6,25,20,15,18,20,25,16,22,Self-serving,1
23,5,15,20,20,23,23,23,18,18,Self-serving,1
23,5,8,20,12,3,11,18,15,10,Self-serving,1
23,5,7,6,8,4,4,4,5,4,Self-serving,1
22,27,15,17,20,17,10,12,11,15,Self-serving,1
22,18,1,27,14,28,12,17,15,14,Control,1
22,15,28,17,19,14,13,15,20,17,Control,1
22,10,23,29,1,20,25,15,16,2,Self-serving,1
21,15,20,9,15,2,26,10,12,11,Self-serving,1
20,30,15,17,26,15,28,10,5,12,Pro-social,1
20,23,20,23,15,20,17,20,10,20,Self-serving,1
20,30,11,11,11,20,20,20,30,30,Pro-social,1
20,28,26,27,28,10,12,29,13,4,Self-serving,1
20,27,10,19,17,18,18,20,20,20,Control,1
20,26,17,19,20,22,18,23,19,20,Pro-social,1
20,25,30,25,30,10,10,13,10,5,Self-serving,1
20,25,30,20,30,30,20,15,25,15,Control,1
20,25,20,20,20,20,30,20,20,30,Pro-social,1
20,25,20,20,20,20,20,10,10,10,Pro-social,1
20,25,15,12,13,10,15,17,13,15,Control,1
20,23,20,25,23,23,24,23,23,23,Self-serving,1
20,6,10,27,10,14,5,8,20,12,Control,1
19,15,15,23,21,15,15,18,16,18,Control,1
1,15,15,15,25,20,20,10,20,20,Control,1
15,20,15,12,15,12,20,13,20,15,Control,1
15,23,23,20,24,26,25,5,26,20,Self-serving,1
15,23,18,17,19,18,14,13,18,16,Control,1
15,22,26,24,18,15,9,17,18,20,Control,1
15,22,20,15,17,28,20,22,17,25,Pro-social,1
15,20,30,30,30,30,21,18,30,28,Pro-social,1
15,20,25,15,20,5,15,10,15,20,Self-serving,1
15,20,20,20,25,20,20,18,18,20,Self-serving,1
15,20,20,20,23,23,28,28,25,25,Control,1
15,20,18,20,18,20,18,18,18,20,Self-serving,1
15,20,15,15,30,15,15,20,15,15,Self-serving,1
15,20,15,10,17,25,16,5,13,13,Control,1
15,25,8,20,20,10,28,12,23,12,Control,1
15,20,11,30,25,16,30,10,10,23,Pro-social,1
15,18,20,25,25,10,15,15,18,20,Self-serving,1
15,18,16,17,19,15,15,14,14,17,Self-serving,1
15,17,23,23,20,8,15,12,13,15,Self-serving,1
15,17,22,12,14,12,14,11,10,7,Pro-social,1
15,17,11,28,18,15,15,9,20,12,Pro-social,1
15,16,20,15,15,17,13,20,15,15,Control,1
15,16,15,14,15,15,16,17,19,20,Pro-social,1
15,16,11,12,13,12,10,16,15,12,Pro-social,1
15,16,1,16,18,12,13,12,17,16,Pro-social,1
15,23,23,25,23,27,12,28,16,24,Self-serving,1
15,25,15,15,15,15,15,15,20,20,Control,1
19,12,30,8,16,13,20,18,16,9,Control,1
16,30,11,6,10,1,20,15,5,10,Pro-social,1
19,12,17,20,19,30,17,18,19,17,Control,1
19,11,29,28,19,28,30,24,30,27,Control,1
18,19,20,12,29,17,15,10,7,18,Control,1
18,18,18,18,19,19,18,15,15,18,Pro-social,1
18,18,15,19,10,15,18,21,17,17,Control,1
18,15,18,16,15,13,11,11,10,11,Self-serving,1
18,10,12,12,25,30,15,20,23,30,Self-serving,1
17,27,20,15,5,12,9,6,9,14,Control,1
17,21,19,27,12,21,20,15,15,28,Self-serving,1
17,13,13,13,13,13,13,13,13,13,Pro-social,1
16,24,23,20,22,23,30,20,23,18,Pro-social,1
15,25,15,25,20,23,21,23,25,20,Control,1
16,23,10,15,23,17,10,30,25,30,Self-serving,1
16,20,15,16,16,14,15,20,18,20,Self-serving,1
16,18,14,12,17,15,14,16,18,16,Self-serving,1
16,17,17,19,17,15,23,27,30,23,Pro-social,1
16,13,15,14,14,15,16,14,17,20,Control,1
16,10,12,8,12,13,14,10,15,16,Pro-social,1
16,9,29,20,22,15,18,18,29,17,Control,1
15,30,5,2,13,9,30,3,3,2,Pro-social,1
15,25,25,30,15,15,30,20,25,30,Control,1
15,25,25,23,15,19,17,16,24,15,Self-serving,1
23,10,5,15,20,13,14,15,14,13,Self-serving,1
23,10,8,30,30,15,11,12,15,15,Self-serving,1
23,10,10,16,17,16,20,19,16,15,Self-serving,1
23,30,20,15,10,10,15,11,5,10,Self-serving,1
25,13,30,26,7,22,25,22,9,26,Control,1
24,15,20,15,15,20,15,15,15,15,Control,1
23,30,30,30,15,15,15,15,15,15,Self-serving,1
23,30,30,23,26,27,28,10,15,19,Self-serving,1
23,30,30,10,15,8,15,12,10,10,Self-serving,1
23,30,30,10,14,5,16,8,13,15,Self-serving,1
23,30,27,23,10,7,10,12,25,30,Self-serving,1
23,30,27,11,19,26,30,24,19,25,Self-serving,1
23,30,25,20,25,15,25,20,15,30,Self-serving,1
23,30,23,23,25,23,23,25,25,25,Self-serving,1
23,29,23,27,23,30,19,14,16,18,Self-serving,1
25,15,10,30,18,20,10,12,5,15,Control,1
23,29,20,23,15,17,13,12,13,15,Self-serving,1
23,28,29,26,25,24,25,16,22,16,Self-serving,1
23,28,23,23,27,23,19,15,23,30,Self-serving,1
23,27,30,28,29,29,28,28,29,28,Self-serving,1
23,27,15,30,10,12,7,5,15,15,Self-serving,1
23,25,30,25,30,18,15,20,23,26,Self-serving,1
23,25,28,15,18,23,15,16,19,20,Self-serving,1
23,25,20,25,17,19,17,19,17,17,Self-serving,1
23,25,20,23,18,25,17,25,12,24,Self-serving,1
23,25,20,15,15,25,19,15,15,15,Self-serving,1
25,14,10,15,15,14,6,20,15,15,Self-serving,1
25,17,23,20,24,25,17,17,20,29,Control,1
23,10,13,10,11,12,18,12,9,11,Self-serving,1
30,15,1,30,25,20,1,10,7,22,Control,1
30,30,25,27,20,17,30,25,30,25,Control,1
30,30,13,20,9,30,25,5,14,30,Self-serving,1
30,23,28,29,15,20,30,20,1,30,Self-serving,1
30,23,25,25,25,25,25,30,25,30,Self-serving,1
30,23,18,18,18,18,18,15,18,18,Self-serving,1
30,21,30,3,10,12,15,30,25,12,Control,1
30,15,23,26,26,30,15,17,21,15,Self-serving,1
30,15,20,30,30,23,17,19,17,19,Pro-social,1
30,15,20,10,30,25,25,25,28,29,Self-serving,1
30,15,16,20,18,25,18,23,27,18,Pro-social,1
30,11,30,30,19,30,25,30,15,17,Pro-social,1
25,19,10,15,13,30,12,5,15,17,Control,1
30,10,15,8,15,15,15,7,20,30,Self-serving,1
30,8,23,30,30,30,25,5,30,30,Self-serving,1
29,18,19,14,20,19,18,17,16,17,Self-serving,1
28,30,29,25,2,30,30,28,25,10,Control,1
28,23,23,23,23,12,7,26,5,1,Self-serving,1
28,20,30,15,17,16,14,15,15,15,Control,1
26,21,20,17,22,22,24,22,24,21,Self-serving,1
25,20,15,20,30,15,17,15,10,20,Pro-social,1
25,20,15,15,20,20,15,20,20,15,Control,1
25,19,20,20,15,14,14,15,15,16,Self-serving,1
23,24,23,26,26,20,23,23,24,22,Pro-social,1
23,23,30,23,23,18,25,23,23,23,Self-serving,1
23,23,28,20,23,23,23,14,23,15,Self-serving,1
23,13,13,12,11,11,11,13,17,27,Self-serving,1
23,15,20,21,23,30,15,18,10,30,Self-serving,1
23,15,20,17,15,18,16,21,15,13,Self-serving,1
23,15,17,23,30,9,14,17,19,15,Self-serving,1
23,15,17,14,12,15,15,19,20,30,Self-serving,1
23,15,15,30,10,15,30,20,15,20,Self-serving,1
23,15,15,15,15,15,15,15,12,15,Self-serving,1
23,15,12,12,12,12,12,12,12,12,Self-serving,1
23,14,15,30,25,18,26,24,20,15,Self-serving,1
23,13,23,30,23,28,14,10,25,25,Self-serving,1
23,13,23,26,12,16,14,14,20,10,Self-serving,1
23,13,6,8,10,13,15,15,15,15,Self-serving,1
23,23,24,20,30,23,10,30,10,15,Self-serving,1
23,12,24,17,27,17,17,14,17,13,Self-serving,1
23,12,24,8,28,18,18,18,16,16,Self-serving,1
23,11,11,15,11,11,13,11,11,11,Self-serving,1
23,10,30,30,15,15,15,30,1,30,Self-serving,1
23,10,30,10,23,6,15,17,15,15,Self-serving,1
23,10,30,1,26,10,1,23,10,22,Self-serving,1
23,10,15,20,13,15,10,15,15,20,Self-serving,1
23,10,15,12,14,12,13,13,13,13,Self-serving,1
23,10,15,11,8,15,11,11,8,16,Self-serving,1
23,10,13,13,16,15,30,21,27,30,Self-serving,1
23,15,23,8,13,18,29,18,15,15,Self-serving,1
23,15,23,25,20,24,10,20,29,23,Self-serving,1
23,16,20,20,28,16,16,16,15,16,Self-serving,1
23,17,17,18,10,14,12,10,12,13,Self-serving,1
23,23,23,30,30,30,30,30,30,30,Self-serving,1
23,23,23,30,30,30,30,30,30,1,Self-serving,1
23,23,23,23,23,30,1,1,6,30,Self-serving,1
23,23,23,23,23,23,23,1,17,26,Self-serving,1
23,23,23,23,23,22,22,21,23,20,Self-serving,1
23,23,23,23,23,15,19,18,15,11,Self-serving,1
23,23,23,23,23,10,30,30,25,30,Self-serving,1
23,23,23,23,23,10,9,30,30,30,Self-serving,1
23,23,23,23,23,6,7,8,9,10,Self-serving,1
23,23,23,23,18,18,15,14,14,16,Self-serving,1
23,23,23,15,15,15,16,23,23,23,Self-serving,1
23,23,10,30,15,30,30,30,30,30,Self-serving,1
23,23,10,15,20,20,20,20,15,15,Self-serving,1
23,23,10,15,13,14,16,12,12,14,Control,1
23,21,25,15,23,15,22,24,22,23,Self-serving,1
23,19,25,21,19,15,15,16,14,16,Self-serving,1
23,19,17,19,23,24,20,20,18,18,Self-serving,1
23,19,13,16,19,27,20,8,19,15,Self-serving,1
23,18,22,23,23,19,10,25,18,12,Self-serving,1
23,18,14,26,19,18,12,17,18,20,Self-serving,1
23,17,29,30,2,12,11,9,13,17,Self-serving,1
15,15,17,15,17,15,17,17,20,17,Self-serving,1
15,15,15,20,19,18,18,16,19,20,Pro-social,1
15,15,15,15,15,15,15,20,15,30,Self-serving,1
10,15,10,15,15,10,10,10,10,20,Pro-social,1
10,15,20,20,15,30,10,15,15,13,Control,1
10,15,20,15,10,14,15,10,5,18,Pro-social,1
10,15,17,18,16,15,20,22,24,18,Control,1
10,15,16,13,20,19,17,15,16,16,Control,1
10,15,15,15,15,15,15,15,30,10,Control,1
10,15,15,13,15,17,14,14,14,14,Control,1
10,15,15,10,9,9,9,10,10,10,Pro-social,1
10,15,12,15,10,15,12,15,14,20,Pro-social,1
10,15,12,12,18,20,25,8,15,15,Control,1
10,15,12,5,5,5,5,5,5,5,Self-serving,1
10,15,7,16,30,20,13,28,10,19,Control,1
10,15,23,4,4,30,30,4,8,16,Self-serving,1
10,15,3,2,10,7,8,5,4,19,Control,1
10,14,8,12,14,10,14,4,12,20,Self-serving,1
10,13,10,12,15,18,12,6,11,15,Pro-social,1
10,12,24,30,15,20,5,26,10,13,Control,1
10,12,18,13,17,18,15,15,15,15,Control,1
10,11,26,20,20,12,20,15,30,17,Pro-social,1
10,11,11,10,15,30,20,15,20,15,Pro-social,1
10,10,15,15,15,17,20,20,20,15,Control,1
10,10,15,10,10,5,5,10,10,9,Self-serving,1
10,10,14,15,15,16,16,12,12,10,Control,1
10,15,20,25,22,20,15,20,19,20,Control,1
10,16,13,13,22,9,8,14,12,10,Pro-social,1
11,11,17,30,14,17,1,18,19,11,Pro-social,1
11,11,11,11,11,23,21,19,11,11,Pro-social,1
11,11,15,11,7,10,10,10,15,15,Pro-social,1
11,11,14,16,13,16,29,13,20,18,Pro-social,1
11,11,14,11,12,18,17,18,18,18,Pro-social,1
11,11,14,11,11,12,14,14,16,20,Pro-social,1
11,11,12,15,18,15,15,15,15,15,Pro-social,1
11,11,12,11,11,14,13,5,14,15,Pro-social,1
11,11,11,15,15,15,15,15,15,15,Self-serving,1
11,11,11,15,11,20,30,20,15,15,Pro-social,1
11,11,11,11,20,10,15,19,19,11,Pro-social,1
11,11,11,11,11,30,30,20,20,20,Pro-social,1
11,11,11,11,11,20,30,20,20,20,Pro-social,1
10,17,30,30,30,30,30,30,30,30,Control,1
11,11,11,11,11,10,11,10,10,10,Pro-social,1
11,10,25,11,30,2,7,8,9,7,Pro-social,1
11,10,20,20,15,30,17,21,15,25,Pro-social,1
11,9,17,18,13,13,12,16,15,20,Pro-social,1
10,30,25,30,30,26,30,30,30,25,Self-serving,1
10,30,15,20,15,15,15,17,15,19,Self-serving,1
10,20,23,10,25,15,20,20,20,18,Self-serving,1
10,20,20,20,20,20,20,20,15,15,Control,1
10,20,2,15,8,5,9,12,6,10,Control,1
10,18,16,23,11,12,17,14,25,11,Self-serving,1
10,10,11,22,20,15,10,15,15,30,Self-serving,1
10,10,10,10,12,12,12,12,12,13,Self-serving,1
10,10,10,10,10,30,10,10,30,10,Pro-social,1
5,5,11,6,5,5,5,22,17,15,Control,1
6,10,15,15,15,15,15,15,15,15,Control,1
5,20,5,30,20,15,30,20,15,30,Control,1
5,15,20,19,30,10,25,17,10,30,Pro-social,1
5,15,15,5,15,30,15,15,15,15,Control,1
5,13,15,15,30,20,19,25,15,25,Pro-social,1
5,10,20,8,12,30,4,25,2,10,Control,1
5,10,20,6,10,10,10,20,26,10,Self-serving,1
5,10,11,11,15,12,15,10,25,5,Pro-social,1
5,7,13,5,11,8,5,5,5,5,Pro-social,1
5,7,10,12,12,12,15,12,20,20,Control,1
5,5,10,11,11,13,13,14,14,15,Pro-social,1
10,10,10,10,10,10,10,10,10,10,Self-serving,1
5,5,7,2,1,15,15,5,5,1,Pro-social,1
5,5,5,7,3,10,10,10,10,7,Control,1
5,5,4,30,5,5,5,30,10,10,Pro-social,1
4,23,28,15,9,9,30,22,14,5,Control,1
4,9,14,30,30,30,5,18,15,1,Control,1
3,30,15,16,15,11,12,12,15,12,Self-serving,1
3,5,7,9,10,10,9,10,20,30,Pro-social,1
2,17,13,7,20,21,20,11,18,11,Pro-social,1
2,9,7,15,2,9,22,27,22,2,Control,1
1,17,4,5,20,10,15,14,14,28,Pro-social,1
6,29,15,20,10,6,9,12,25,25,Control,1
7,12,8,13,10,13,30,30,15,24,Self-serving,1
7,13,25,5,8,7,8,7,26,24,Control,1
7,15,7,20,18,10,25,9,11,10,Pro-social,1
10,8,17,9,21,17,19,15,22,13,Control,1
10,8,10,10,8,5,10,10,30,15,Control,1
10,8,8,13,6,8,10,9,17,9,Pro-social,1
10,7,19,16,30,27,25,28,27,27,Control,1
10,7,14,10,9,15,15,15,10,15,Self-serving,1
10,7,10,12,14,10,15,15,12,15,Control,1
10,6,9,10,13,15,17,14,25,11,Pro-social,1
10,5,20,1,15,10,15,20,25,30,Control,1
10,5,11,20,18,10,15,14,18,15,Pro-social,1
9,19,11,10,14,16,17,13,19,15,Pro-social,1
9,16,15,13,15,15,15,15,15,15,Control,1
9,15,18,20,20,15,26,17,18,18,Pro-social,1
8,16,23,7,30,22,10,10,10,10,Self-serving,1
8,15,8,5,8,25,8,15,15,15,Pro-social,1
8,14,30,10,9,7,16,15,15,10,Pro-social,1
8,12,20,11,11,13,16,16,18,14,Pro-social,1
8,11,9,15,13,14,15,13,11,12,Pro-social,1
8,10,15,12,8,9,10,7,10,12,Control,1
8,10,11,13,13,10,12,12,14,14,Pro-social,1
8,5,5,15,1,2,2,2,2,2,Control,1
7,23,4,5,6,7,8,8,7,7,Self-serving,1
11,11,15,15,22,16,14,12,18,14,Pro-social,1
11,11,19,16,17,24,25,16,18,14,Pro-social,1
15,15,15,10,10,5,15,15,15,15,Pro-social,1
13,15,14,11,13,14,19,11,15,14,Pro-social,1
14,20,11,28,30,26,28,11,11,9,Self-serving,1
14,16,23,23,20,18,18,18,16,21,Control,1
14,15,20,25,20,22,26,30,15,10,Pro-social,1
14,13,15,18,15,22,15,27,19,24,Pro-social,1
13,30,30,13,30,30,15,16,30,30,Control,1
13,20,25,26,23,23,15,22,15,15,Pro-social,1
13,20,15,10,25,20,15,30,20,25,Control,1
13,18,15,16,21,15,12,22,16,13,Self-serving,1
13,18,8,9,14,7,19,10,10,8,Pro-social,1
13,15,19,25,15,11,8,20,25,30,Pro-social,1
13,15,11,12,12,18,17,15,14,19,Pro-social,1
15,5,20,25,11,14,18,4,28,18,Pro-social,1
13,13,13,13,13,13,13,13,13,13,Pro-social,1
13,13,12,13,13,14,14,18,17,20,Control,1
13,12,15,13,20,10,10,30,15,15,Pro-social,1
12,25,10,25,8,15,18,12,12,18,Pro-social,1
12,25,2,25,25,10,12,10,21,8,Self-serving,1
12,20,10,19,20,13,17,15,17,15,Pro-social,1
12,19,19,15,25,19,28,27,4,16,Control,1
12,15,13,10,10,13,12,13,13,13,Control,1
12,14,13,13,14,13,17,14,12,12,Control,1
12,13,16,25,20,7,5,12,11,30,Pro-social,1
15,5,14,18,11,9,7,30,9,7,Self-serving,1
15,6,25,27,10,21,7,13,16,12,Pro-social,1
11,11,19,19,15,14,19,16,19,16,Pro-social,1
15,13,10,30,30,8,10,30,30,30,Control,1
15,15,15,5,15,15,15,15,15,15,Control,1
15,15,13,10,23,20,17,20,16,20,Self-serving,1
15,15,11,20,19,20,25,15,12,20,Pro-social,1
15,15,10,15,12,15,13,13,13,15,Control,1
15,15,10,15,10,15,15,10,15,20,Control,1
15,14,20,15,15,16,10,15,16,17,Pro-social,1
15,14,14,25,28,29,30,30,20,5,Pro-social,1
15,13,23,20,17,20,16,27,20,15,Self-serving,1
15,13,23,15,14,30,13,15,18,30,Self-serving,1
15,13,14,16,23,14,10,8,12,13,Self-serving,1
15,12,20,5,15,17,21,12,30,26,Control,1
15,8,20,16,16,14,15,21,12,20,Pro-social,1
15,12,18,15,24,25,28,29,27,30,Pro-social,1
15,12,15,18,12,10,15,15,15,20,Control,1
15,11,18,11,12,14,15,20,12,10,Pro-social,1
15,11,14,11,15,15,27,15,16,16,Pro-social,1
15,11,11,11,15,12,20,30,10,15,Pro-social,1
15,10,20,20,18,10,15,8,10,20,Control,1
15,10,18,10,30,15,30,10,14,15,Pro-social,1
15,10,15,17,17,14,10,8,1,12,Pro-social,1
15,10,13,23,12,17,15,15,11,8,Self-serving,1
15,10,13,13,13,13,14,13,13,13,Control,1
12,12,15,15,17,14,15,17,14,18,Pro-social,1
12,12,12,19,18,21,16,18,18,19,Control,1
12,12,11,12,12,12,12,12,12,12,Control,1
11,15,10,15,20,15,11,15,15,15,Pro-social,1
11,15,16,11,25,13,15,16,10,18,Pro-social,1
11,15,15,30,25,25,9,25,30,30,Pro-social,1
11,15,15,15,23,15,15,12,12,15,Self-serving,1
11,15,15,15,18,18,22,15,20,20,Pro-social,1
11,15,15,15,14,15,15,15,21,16,Pro-social,1
11,15,15,11,15,15,15,15,15,11,Pro-social,1
11,15,13,14,10,12,13,14,14,15,Pro-social,1
11,15,13,12,12,13,12,13,10,12,Pro-social,1
11,15,12,22,9,14,8,11,10,7,Pro-social,1
11,15,11,4,13,10,14,14,16,10,Pro-social,1
11,15,10,11,13,9,5,20,14,12,Pro-social,1
12,7,27,25,20,15,17,20,20,26,Pro-social,1
11,15,10,9,20,18,7,8,13,30,Self-serving,1
11,15,9,13,20,10,14,20,15,11,Self-serving,1
11,14,11,11,15,3,20,7,30,13,Pro-social,1
11,13,24,12,16,20,13,28,25,30,Pro-social,1
11,13,15,13,16,19,10,17,18,10,Pro-social,1
11,13,13,15,23,16,19,16,16,16,Self-serving,1
11,13,8,5,9,9,11,14,7,19,Pro-social,1
11,12,14,12,12,13,11,14,14,19,Pro-social,1
11,12,13,14,13,14,12,11,11,12,Self-serving,1
11,11,24,15,8,9,26,5,15,15,Pro-social,1
11,15,16,16,20,15,18,18,20,15,Pro-social,1
11,15,17,18,15,16,19,13,16,14,Pro-social,1
11,15,19,30,15,5,25,10,12,28,Pro-social,1
11,15,20,18,19,20,18,22,18,15,Pro-social,1
11,20,20,17,16,15,15,20,20,15,Pro-social,1
11,20,15,14,15,10,15,25,14,11,Pro-social,1
11,20,15,13,25,10,19,30,13,16,Pro-social,1
11,20,15,11,12,13,10,8,30,30,Pro-social,1
11,20,10,15,10,15,15,15,14,12,Pro-social,1
11,19,30,29,30,30,11,23,25,20,Pro-social,1
11,19,15,15,19,15,15,15,15,15,Pro-social,1
11,19,5,10,15,5,30,1,15,10,Pro-social,1
11,18,30,24,15,20,18,18,20,18,Pro-social,1
11,18,23,20,10,11,10,10,11,30,Self-serving,1
11,18,10,12,15,13,10,13,15,16,Pro-social,1
11,17,19,20,30,15,25,20,30,15,Pro-social,1
11,17,19,18,18,11,13,16,12,18,Pro-social,1
11,17,16,20,7,18,27,10,13,15,Pro-social,1
11,17,12,9,21,17,16,8,24,11,Pro-social,1
11,17,11,14,15,14,1,6,8,15,Pro-social,1
11,16,16,11,22,28,28,18,20,18,Pro-social,1
11,16,15,17,13,17,20,18,23,20,Pro-social,1
11,16,14,30,22,18,16,16,16,18,Pro-social,1
11,15,23,11,13,15,13,12,17,10,Pro-social,1
11,15,20,25,15,10,15,10,16,12,Pro-social,1
30,30,30,30,30,30,30,30,30,30,Pro-social,1
