game,model,anchor,wording,raw_spike,base_p,net_pull,W_D_base,W_D_def,w_pull,coverage_def,coverage_base,excluded,exclude_reason
CPR,gpt_5.1,0,V0_true,0.0,8.215668953401942e-05,-8.215668953401942e-05,29.990394507717376,29.892130378054585,0.0032765200750362045,0.9998683560236689,0.9999580886300995,False,
CPR,gpt_5.1,11,V0_true,0.653900975312596,0.0,0.653900975312596,18.992835178898805,0.42768868563137696,0.9774815775737082,0.9813618294503546,0.9999580886300995,False,
CPR,gpt_5.1,18,V0_true,0.8680498884850513,0.0,0.8680498884850513,11.995484144741004,1.5561607089410776,0.8702711211849401,0.999687306297795,0.9999580886300995,False,
CPR,gpt_5.1,23,V0_true,0.7718022038309649,0.0,0.7718022038309649,6.999840810005483,1.576461606542304,0.774786077379227,0.9978635242782443,0.9999580886300995,False,
CPR,gpt_5.1,26,V0_true,0.9805459842969312,0.0,0.9805459842969312,4.003462181111371,0.0834866116522674,0.9791463968246875,0.9990635737276408,0.9999580886300995,False,
CPR,gpt_5.1,30,V0_true,0.9997003328191272,0.99936829805577,0.00033203476335719184,0.008348151185609554,0.0063803211671303916,0.23572045770700523,0.9999533145214458,0.9999580886300995,False,
CPR,gpt_5.4,0,V0_true,0.1083747295533386,0.0,0.1083747295533386,19.834935075984085,18.22953372149886,0.08093806953918525,0.999075952902839,0.9917467537992041,False,
CPR,gpt_5.4,11,V0_true,0.495394825280426,0.0,0.495394825280426,9.015530396451616,4.458553427523834,0.5054585552416686,0.990789650560852,0.9917467537992041,False,
CPR,gpt_5.4,18,V0_true,0.9646004934717768,0.0,0.9646004934717768,2.7019704056686304,0.2120072917238856,0.9215360422604546,0.9822677677821006,0.9917467537992041,False,
CPR,gpt_5.4,23,V0_true,0.9836030203361876,0.0,0.9836030203361876,3.6039075472090576,0.0,1.0,0.9836030203361876,0.9917467537992041,False,
CPR,gpt_5.4,26,V0_true,0.2688631253841171,0.0,0.2688631253841171,6.309718971830336,2.9233829922974057,0.5366857057582416,0.9997088734584685,0.9917467537992041,False,
CPR,gpt_5.4,30,V0_true,0.9923844927241228,0.0449048061293889,0.9474796865947339,9.917467537992042,0.0,1.0,0.9923844927241228,0.9917467537992041,False,
CPR,gpt_5.4_mini,0,V0_true,0.9231815651925368,0.5200196381781403,0.40316192701439646,13.557291143198116,2.2733807252531433,0.8323130556657161,0.9989609227009749,0.9953883446252241,False,
CPR,gpt_5.4_mini,11,V0_true,0.9436548142963068,0.0,0.9436548142963068,14.048451392239741,0.5167998743053751,0.9632130360937255,0.9906366210513409,0.9953883446252241,False,
CPR,gpt_5.4_mini,18,V0_true,0.9116607568878724,0.0,0.9116607568878724,14.361007914357135,1.3794066351326255,0.9039477839327983,0.9974710486486262,0.9953883446252241,False,
CPR,gpt_5.4_mini,23,V0_true,0.9493487413063776,0.0,0.9493487413063776,15.006524603141056,0.2576717178013797,0.9828293542565182,0.9861589867065746,0.9953883446252241,False,
CPR,gpt_5.4_mini,26,V0_true,0.9045523541131862,0.0,0.9045523541131862,15.56273942846286,1.6311167253115875,0.8951908992109435,0.9836514838386231,0.9953883446252241,False,
CPR,gpt_5.4_mini,30,V0_true,0.9618667085364038,0.4049917014256443,0.5568750071107595,16.304359195558604,1.118868589896144,0.9313761076730369,0.9991623281996086,0.9953883446252241,False,
CPR,gpt_5.4_nano,0,V0_true,0.2894362762673074,0.0,0.2894362762673074,15.555980405927867,13.110045825450118,0.1572343572473056,0.9481378424900382,0.9437609122397884,False,
CPR,gpt_5.4_nano,11,V0_true,,,,,,,0.7813432919062699,0.9437609122397884,True,coverage<0.90
CPR,gpt_5.4_nano,18,V0_true,0.7269737049213975,0.0,0.7269737049213975,4.5375695017329996,1.0292361303409963,0.7731745750785949,0.9199736310832989,0.9437609122397884,False,
CPR,gpt_5.4_nano,23,V0_true,,,,,,,0.8741783890684003,0.9437609122397884,True,coverage<0.90
CPR,gpt_5.4_nano,26,V0_true,,,,,,,0.8297453190284236,0.9437609122397884,True,coverage<0.90
CPR,gpt_5.4_nano,30,V0_true,0.3158778976377256,0.0510344909348414,0.2648434067028842,12.756846961265785,18.103277412838352,-0.41910281339943856,0.9767594999595484,0.9437609122397884,False,
CPR,Llama_3.3_70B_Instruct,0,V0_true,5.04347662567888e-07,0.0,5.04347662567888e-07,9.999745286350427,9.999983194344495,-2.379140540642588e-05,1.0000000185734745,0.9999989986422873,False,
CPR,Llama_3.3_70B_Instruct,11,V0_true,0.9998293068697304,0.0,0.9998293068697304,1.0002632214290204,0.00018634042434637987,0.9998137086115391,0.999998782853694,0.9999989986422873,False,
CPR,Llama_3.3_70B_Instruct,18,V0_true,0.9860599884669706,0.0,0.9860599884669706,8.000244690221576,0.1154533335653396,0.985568774701797,1.0001367749096035,0.9999989986422873,False,
CPR,Llama_3.3_70B_Instruct,23,V0_true,0.1175813317195654,0.0,0.1175813317195654,13.000233968425276,11.36020435878062,0.12615385335586482,0.9996671411244039,0.9999989986422873,False,
CPR,Llama_3.3_70B_Instruct,26,V0_true,0.0065306421636537,0.0,0.0065306421636537,16.000228678349046,1.1310121916018567,0.9293127483151349,0.9994649296984436,0.9999989986422873,False,
CPR,Llama_3.3_70B_Instruct,30,V0_true,0.0092096816039681,0.0,0.0092096816039681,20.000224672918193,17.613460030320496,0.11933689154150129,0.999615430239505,0.9999989986422873,False,
CPR,Qwen3_235B_A22B_Instruct,0,V0_true,,,,,,,0.9977601500779183,0.8843560259895261,True,coverage<0.90
CPR,Qwen3_235B_A22B_Instruct,11,V0_true,,,,,,,0.9994888309999722,0.8843560259895261,True,coverage<0.90
CPR,Qwen3_235B_A22B_Instruct,18,V0_true,,,,,,,0.9976003230134409,0.8843560259895261,True,coverage<0.90
CPR,Qwen3_235B_A22B_Instruct,23,V0_true,,,,,,,0.9992425627500499,0.8843560259895261,True,coverage<0.90
CPR,Qwen3_235B_A22B_Instruct,26,V0_true,,,,,,,0.9988114485513958,0.8843560259895261,True,coverage<0.90
CPR,Qwen3_235B_A22B_Instruct,30,V0_true,,,,,,,0.9561405193122458,0.8843560259895261,True,coverage<0.90
CPR,Llama_3.3_70B_Instruct,18,V1,0.999845516693775,0.0,0.999845516693775,8.000244690221576,0.0012699954151854979,0.9998412554285073,0.999999294777392,0.9999989986422873,False,
CPR,Llama_3.3_70B_Instruct,18,V2,4.222851277057527e-06,0.0,4.222851277057527e-06,8.000244690221576,8.006367351834031,-0.0007653092935941963,1.000005103363445,0.9999989986422873,False,
CPR,Llama_3.3_70B_Instruct,18,V3,0.9946433047341442,0.0,0.9946433047341442,8.000244690221576,0.04302795985804726,0.9946216695208536,1.0000121068468757,0.9999989986422873,False,
CPR,Llama_3.3_70B_Instruct,18,V4,0.05554148833106887,0.0,0.05554148833106887,8.000244690221576,7.7114795686425435,0.036094536199871574,0.9994679300305621,0.9999989986422873,False,
CPR,Llama_3.3_70B_Instruct,26,V1,0.00021659095137688503,0.0,0.00021659095137688503,16.000228678349046,1.9252071277243847,0.879676274231661,1.0002173645192873,0.9999989986422873,False,
CPR,Llama_3.3_70B_Instruct,26,V2,0.0,0.0,0.0,16.000228678349046,17.929135356115168,-0.12055494434128011,1.0002699204567946,0.9999989986422873,False,
CPR,Llama_3.3_70B_Instruct,26,V3,0.0005035890497369525,0.0,0.0005035890497369525,16.000228678349046,15.851232247990605,0.009312143804548145,0.9994639381228649,0.9999989986422873,False,
CPR,Llama_3.3_70B_Instruct,26,V4,0.0,0.0,0.0,16.000228678349046,17.636048406238405,-0.10223727177742736,0.9998120951490012,0.9999989986422873,False,
CPR,Qwen3_235B_A22B_Instruct,18,V1,,,,,,,0.9985440469529513,0.8843560259895261,True,coverage<0.90
CPR,Qwen3_235B_A22B_Instruct,18,V2,,,,,,,0.926278744023141,0.8843560259895261,True,coverage<0.90
CPR,Qwen3_235B_A22B_Instruct,18,V3,,,,,,,0.9995148363892936,0.8843560259895261,True,coverage<0.90
CPR,Qwen3_235B_A22B_Instruct,18,V4,,,,,,,0.9996938150109446,0.8843560259895261,True,coverage<0.90
CPR,Qwen3_235B_A22B_Instruct,26,V1,,,,,,,0.9991231340378549,0.8843560259895261,True,coverage<0.90
CPR,Qwen3_235B_A22B_Instruct,26,V2,,,,,,,0.8903526262164748,0.8843560259895261,True,coverage<0.90
CPR,Qwen3_235B_A22B_Instruct,26,V3,,,,,,,0.9995355730849399,0.8843560259895261,True,coverage<0.90
CPR,Qwen3_235B_A22B_Instruct,26,V4,,,,,,,0.9993521532698004,0.8843560259895261,True,coverage<0.90
CPR,gpt_5.1,18,V1,0.7526872248490089,0.0,0.7526872248490089,11.995484144741004,2.9049212658652377,0.7578320949105837,0.9988578770364893,0.9999580886300995,False,
CPR,gpt_5.1,18,V2,0.22117685717755733,0.0,0.22117685717755733,11.995484144741004,9.283985166844976,0.2260433130650078,0.9993330325276921,0.9999580886300995,False,
CPR,gpt_5.1,18,V3,0.9988486576750673,0.0,0.9988486576750673,11.995484144741004,0.012984455535823683,0.9989175546914865,0.9999808428611189,0.9999580886300995,False,
CPR,gpt_5.1,18,V4,0.9836175252057109,0.0,0.9836175252057109,11.995484144741004,0.05705327873420017,0.9952437702350503,0.9997729952343434,0.9999580886300995,False,
CPR,gpt_5.1,26,V1,0.9151382831766834,0.0,0.9151382831766834,4.003462181111371,0.33695284252123986,0.9158346383010665,0.9994996644570133,0.9999580886300995,False,
CPR,gpt_5.1,26,V2,0.9731401474200984,0.0,0.9731401474200984,4.003462181111371,0.10793668612184935,0.9730391642935701,0.9997532524688751,0.9999580886300995,False,
CPR,gpt_5.1,26,V3,0.9999583243796896,0.0,0.9999583243796896,4.003462181111371,0.00016771682650704089,0.9999581070536152,0.9999984434892394,0.9999580886300995,False,
CPR,gpt_5.1,26,V4,0.9787942090690627,0.0,0.9787942090690627,4.003462181111371,0.11759290849263535,0.9706271963683215,0.9998719089024899,0.9999580886300995,False,
CPR,gpt_5.4,18,V1,0.8774951077022218,0.0,0.8774951077022218,2.7019704056686304,1.425072587275466,0.4725802383750325,0.9962511566418439,0.9917467537992041,False,
CPR,gpt_5.4,18,V2,0.18240554033702988,0.0,0.18240554033702988,2.7019704056686304,9.80981899797091,-2.6306167445025617,0.9998904568346056,0.9917467537992041,False,
CPR,gpt_5.4,18,V3,0.9399005556540118,0.0,0.9399005556540118,2.7019704056686304,0.7210299872394839,0.7331466008188725,0.9999863879239688,0.9917467537992041,False,
CPR,gpt_5.4,18,V4,0.1726493509062874,0.0,0.1726493509062874,2.7019704056686304,9.384058241910934,-2.4730425700531504,0.9958749270734065,0.9917467537992041,False,
CPR,gpt_5.4,26,V1,0.880667448043336,0.0,0.880667448043336,6.309718971830336,0.47674151407283905,0.9244433046540986,0.9998528265615457,0.9917467537992041,False,
CPR,gpt_5.4,26,V2,0.5000236030440901,0.0,0.5000236030440901,6.309718971830336,2.0000944121763604,0.6830137093100727,1.0000472060881802,0.9917467537992041,False,
CPR,gpt_5.4,26,V3,0.3774088224004215,0.0,0.3774088224004215,6.309718971830336,2.4889678129658477,0.6055342838440485,0.9996507756418834,0.9917467537992041,False,
CPR,gpt_5.4,26,V4,,,,,,,,,True,failed_call_or_missing
CPR,gpt_5.4_mini,18,V1,0.9938809502083923,0.0,0.9938809502083923,14.361007914357135,0.0,1.0,0.9938809502083923,0.9953883446252241,False,
CPR,gpt_5.4_mini,18,V2,0.6135632121416169,0.0,0.6135632121416169,14.361007914357135,6.698608197041832,0.5335558453146572,0.9857081119772743,0.9953883446252241,False,
CPR,gpt_5.4_mini,18,V3,0.9736282039121397,0.0,0.9736282039121397,14.361007914357135,0.166656725292019,0.9883951929916139,0.9875162643531412,0.9953883446252241,False,
CPR,gpt_5.4_mini,18,V4,0.9536535448908385,0.0,0.9536535448908385,14.361007914357135,0.6728334511027474,0.9531485913025578,0.9985091082976885,0.9953883446252241,False,
CPR,gpt_5.4_mini,26,V1,0.9912381045175476,0.0,0.9912381045175476,15.56273942846286,0.0,1.0,0.9912381045175476,0.9953883446252241,False,
CPR,gpt_5.4_mini,26,V2,,,,,,,,,True,failed_call_or_missing
CPR,gpt_5.4_mini,26,V3,,,,,,,,,True,failed_call_or_missing
CPR,gpt_5.4_mini,26,V4,0.6662096835215219,0.0,0.6662096835215219,15.56273942846286,1.2587806864309747,0.9191157384458435,0.9809048551292656,0.9953883446252241,False,
CPR,gpt_5.4_nano,18,V1,0.9450446083772965,0.0,0.9450446083772965,4.5375695017329996,0.3747704790382112,0.9174072201219006,0.9852553188079504,0.9437609122397884,False,
CPR,gpt_5.4_nano,18,V2,0.9596839759178197,0.0,0.9596839759178197,4.5375695017329996,0.26107345449751207,0.94246403181311,0.9924119018667574,0.9437609122397884,False,
CPR,gpt_5.4_nano,18,V3,0.9907205781823959,0.0,0.9907205781823959,4.5375695017329996,0.024424034804606594,0.9946173750517147,0.9972791242899066,0.9437609122397884,False,
CPR,gpt_5.4_nano,18,V4,,,,,,,0.8415413375383912,0.9437609122397884,True,coverage<0.90
CPR,gpt_5.4_nano,26,V1,0.8570838123636447,0.0,0.8570838123636447,9.390079239785363,1.0805552723574234,0.8849258622036801,0.974540591694776,0.9437609122397884,False,
CPR,gpt_5.4_nano,26,V2,0.7083163959050739,0.0,0.7083163959050739,9.390079239785363,2.9442910379215226,0.6864466249180639,0.9472669783225536,0.9437609122397884,False,
CPR,gpt_5.4_nano,26,V3,0.9956746860597294,0.0,0.9956746860597294,9.390079239785363,0.010544388048168485,0.9988770714518049,0.9983438145186161,0.9437609122397884,False,
CPR,gpt_5.4_nano,26,V4,,,,,,,0.8577822865423123,0.9437609122397884,True,coverage<0.90
CRD,Llama_3.3_70B_Instruct,0,V0_true,1.6373771305908126e-07,3.775134544279098e-11,1.6369996171363847e-07,4.000000004671186,3.9999978483620575,5.390772814806155e-07,1.000000041592587,1.0000000023733444,False,
CRD,Llama_3.3_70B_Instruct,0,V1,4.691164021834418e-08,3.775134544279098e-11,4.6873888872901384e-08,4.000000004671186,3.9999995227997274,1.204678645727597e-07,1.0000000467300554,1.0000000023733444,False,
CRD,Llama_3.3_70B_Instruct,0,V2,3.850741922767617e-09,3.775134544279098e-11,3.812990577324826e-09,4.000000004671186,3.9999994174040663,1.4681677973360507e-07,0.9999999509713267,1.0000000023733444,False,
CRD,Llama_3.3_70B_Instruct,0,V3,0.0015034391929775724,3.775134544279098e-11,0.001503439155226227,4.000000004671186,3.994000006205798,0.0014999996145953487,1.000005304071013,1.0000000023733444,False,
CRD,Llama_3.3_70B_Instruct,2,V0_true,0.00012340980408667956,2.335593038799337e-09,0.00012340746849364077,2.0000000000755027,1.9997539686707935,0.00012301570234996007,1.0000003941394835,1.0000000023733444,False,
CRD,Llama_3.3_70B_Instruct,2,V1,0.04750715251567949,2.335593038799337e-09,0.04750715018008645,2.0000000000755027,1.9051546805884958,0.047422659741713225,1.0000844928099273,1.0000000023733444,False,
CRD,Llama_3.3_70B_Instruct,2,V2,3.535750085040998e-05,2.335593038799337e-09,3.535516525737118e-05,2.0000000000755027,1.999929436141619,3.5281966940470255e-05,1.00000007557166,1.0000000023733444,False,
CRD,Llama_3.3_70B_Instruct,2,V3,0.18211352912101367,2.335593038799337e-09,0.18211352678542062,2.0000000000755027,1.6355438582043007,0.18222807092872162,0.9998854582231641,1.0000000023733444,False,
CRD,Llama_3.3_70B_Instruct,4,V0_true,0.9999998807907171,1.0,-1.192092828894431e-07,4.822191459369838e-09,2.2896482956372205e-07,,0.9999999942995118,1.0000000023733444,True,"W_D_base~0 (4.82e-09, baseline already degenerate at default)"
CRD,Llama_3.3_70B_Instruct,4,V1,1.0,1.0,0.0,4.822191459369838e-09,5.8746318331128927e-08,,1.0000000289132536,1.0000000023733444,True,"W_D_base~0 (4.82e-09, baseline already degenerate at default)"
CRD,Llama_3.3_70B_Instruct,4,V2,0.9999990463261548,1.0,-9.536738452275983e-07,4.822191459369838e-09,1.953522275417536e-06,,1.0000000058294645,1.0000000023733444,True,"W_D_base~0 (4.82e-09, baseline already degenerate at default)"
CRD,Llama_3.3_70B_Instruct,4,V3,1.0,1.0,0.0,4.822191459369838e-09,6.257313132624079e-08,,1.000000029869957,1.0000000023733444,True,"W_D_base~0 (4.82e-09, baseline already degenerate at default)"
CRD,Qwen3_235B_A22B_Instruct,0,V0_true,0.5290878502384551,0.014687178559621253,0.5144006716788339,3.62519450124427,1.8051767918446309,0.502046913282848,0.9998473281970175,0.9999368290510617,False,
CRD,Qwen3_235B_A22B_Instruct,0,V1,0.36557781194349653,0.014687178559621253,0.35089063338387527,3.62519450124427,2.237313317016749,0.3828432333082158,0.9999225570596795,0.9999368290510617,False,
CRD,Qwen3_235B_A22B_Instruct,0,V2,0.019447842690850408,0.014687178559621253,0.0047606641312291555,3.62519450124427,3.490632365050195,0.03711859767741821,0.9999664600748724,0.9999368290510617,False,
CRD,Qwen3_235B_A22B_Instruct,0,V3,0.8436168558526848,0.014687178559621253,0.8289296772930635,3.62519450124427,0.5795896192430067,0.8401217868326583,0.9999320919176543,0.9999368290510617,False,
CRD,Qwen3_235B_A22B_Instruct,2,V0_true,0.9164898787236128,0.157902050360746,0.7585878283628668,1.6840695573806315,0.16679399166100597,0.9009577775870291,0.9998868745541157,0.9999368290510617,False,
CRD,Qwen3_235B_A22B_Instruct,2,V1,0.9729850362107371,0.157902050360746,0.8150829858499911,1.6840695573806315,0.053953164257336865,0.9679626271843221,0.9999616183394054,0.9999368290510617,False,
CRD,Qwen3_235B_A22B_Instruct,2,V2,0.4208856925755475,0.157902050360746,0.26298364221480147,1.6840695573806315,1.157962502208258,0.3124022121691161,0.9998669436796765,0.9999368290510617,False,
CRD,Qwen3_235B_A22B_Instruct,2,V3,0.9966107235393469,0.157902050360746,0.8387086731786009,1.6840695573806315,0.006747827058507481,0.9959931423087993,0.9999846370686006,0.9999368290510617,False,
CRD,Qwen3_235B_A22B_Instruct,4,V0_true,0.9907969338536998,0.8273476001306945,0.1634493337230053,0.374552814959977,0.02458249589513415,0.9343684123752722,0.9999346929666458,0.9999368290510617,False,
CRD,Qwen3_235B_A22B_Instruct,4,V1,0.9987331009926843,0.8273476001306945,0.17138550086198978,0.374552814959977,0.0035269013194596036,0.9905837009399155,0.9999694635836622,0.9999368290510617,False,
CRD,Qwen3_235B_A22B_Instruct,4,V2,0.8930385939669602,0.8273476001306945,0.06569099383626564,0.374552814959977,0.22967386281973443,0.386805134960002,0.9997784336208695,0.9999368290510617,False,
CRD,Qwen3_235B_A22B_Instruct,4,V3,0.9998154980680914,0.8273476001306945,0.17246789793739692,0.374552814959977,0.0004922925263469889,0.9986856525790639,0.9999913404857494,0.9999368290510617,False,
CRD,gpt_5.1,0,V0_true,0.5583180842439422,0.022286113154723088,0.5360319710892192,3.910849007867947,1.7666955530507522,0.5482577953031507,0.9999999035671593,1.0000000765381882,False,
CRD,gpt_5.1,0,V1,0.01883312170567853,0.022286113154723088,-0.0034529914490445575,3.910849007867947,3.9246666692728223,-0.0035331615659608406,1.0000000108137208,1.0000000765381882,False,
CRD,gpt_5.1,0,V2,0.003593602418046988,0.022286113154723088,-0.0186925107366761,3.910849007867947,3.985625611929263,-0.01912029943137128,1.0000000070802169,1.0000000765381882,False,
CRD,gpt_5.1,0,V3,0.993901584427564,0.022286113154723088,0.971615471272841,3.910849007867947,0.02439177387616452,0.9937630489371764,0.9999999130683361,1.0000000765381882,False,
CRD,gpt_5.1,2,V0_true,1.5142425362332767e-07,3.4228329568815133e-06,-3.2714087032581854e-06,1.9999933074104628,1.9999997063056734,-3.1994583116201625e-06,1.0000000045770903,1.0000000765381882,False,
CRD,gpt_5.1,2,V1,1.1014032866307575e-06,3.4228329568815133e-06,-2.321429670250756e-06,1.9999933074104628,1.9999976938814044,-2.1932428100335244e-06,0.9999999483439888,1.0000000765381882,False,
CRD,gpt_5.1,2,V2,4.7850717579110314e-06,3.4228329568815133e-06,1.3622388010295181e-06,1.9999933074104628,1.9999904142147593,1.446602692523058e-06,0.9999999921791376,1.0000000765381882,False,
CRD,gpt_5.1,2,V3,0.19682209646952506,3.4228329568815133e-06,0.1968186736365682,1.9999933074104628,1.6063556492832685,0.1968194876796191,0.9999999211111593,1.0000000765381882,False,
CRD,gpt_5.1,4,V0_true,0.9999983759447105,0.9777105405505083,0.022287835394202204,0.08915129828480611,5.80358820696789e-06,0.9999349018094114,1.0000000294687417,1.0000000765381882,False,
CRD,gpt_5.1,4,V1,0.999992415788822,0.9777105405505083,0.02228187523831371,0.08915129828480611,3.012426246582566e-05,0.9996620995650608,0.999999949931149,1.0000000765381882,False,
CRD,gpt_5.1,4,V2,0.9999907469519438,0.9777105405505083,0.022280206401435465,0.08915129828480611,3.6896388776023656e-05,0.9995861373924342,0.9999999716791107,1.0000000765381882,False,
CRD,gpt_5.1,4,V3,0.9999996871837232,0.9777105405505083,0.022289146633214907,0.08915129828480611,7.829860921558584e-08,0.9999991217333822,0.9999997183698485,1.0000000765381882,False,
CRD,gpt_5.4,0,V0_true,0.999382209953872,0.9925662203890001,0.006815989564871838,0.022301338832999673,0.0,1.0,0.999382209953872,1.0,False,
CRD,gpt_5.4,0,V1,0.9994203340868637,0.9925662203890001,0.006854113697863595,0.022301338832999673,0.0,1.0,0.9994203340868637,1.0,False,
CRD,gpt_5.4,0,V2,0.9996681764035219,0.9925662203890001,0.007101956014521793,0.022301338832999673,0.0,1.0,0.9996681764035219,1.0,False,
CRD,gpt_5.4,0,V3,0.9988333836632733,0.9925662203890001,0.006267163274273235,0.022301338832999673,0.0,1.0,0.9988333836632733,1.0,False,
CRD,gpt_5.4,2,V0_true,0.0,0.0037168898054999455,-0.0037168898054999455,1.992566220389,1.9905087375408204,0.00103257940796464,0.9952543687704102,1.0,False,
CRD,gpt_5.4,2,V1,0.0,0.0037168898054999455,-0.0037168898054999455,1.992566220389,1.9912985857849046,0.0006361819201411434,0.9956492928924523,1.0,False,
CRD,gpt_5.4,2,V2,0.0,0.0037168898054999455,-0.0037168898054999455,1.992566220389,1.996760134344033,-0.00210478021363536,0.9983800671720165,1.0,False,
CRD,gpt_5.4,2,V3,0.9574298659906457,0.0037168898054999455,0.9537129761851457,1.992566220389,0.0578237535265971,0.9709802600611646,0.9863417427539443,1.0,False,
CRD,gpt_5.4,4,V0_true,0.022973834225534433,0.0037168898054999455,0.019256944420034488,3.9776986611670004,3.907489155839194,0.01765078536824305,0.999846123185333,1.0,False,
CRD,gpt_5.4,4,V1,0.14802619045361612,0.0037168898054999455,0.14430930064811617,3.9776986611670004,3.4073276468132527,0.14339221317142437,0.9998581021569293,1.0,False,
CRD,gpt_5.4,4,V2,0.9046006637106662,0.0037168898054999455,0.9008837739051663,3.9776986611670004,0.3813768339730081,0.9041212353021439,0.9999448722039181,1.0,False,
CRD,gpt_5.4,4,V3,0.4377818526883072,0.0037168898054999455,0.43406496288280727,3.9776986611670004,2.2484921032657406,0.43472537896923924,0.9999048785047424,1.0,False,
CRD,gpt_5.4_mini,0,V0_true,0.022974885908276572,0.37733252599209527,-0.3543576400838187,2.4895672714761625,3.90766803059166,-0.569617368995476,0.9998918935561916,1.0,False,
CRD,gpt_5.4_mini,0,V1,0.991075523100852,0.37733252599209527,0.6137429971087567,2.4895672714761625,0.0,1.0,0.991075523100852,1.0,False,
CRD,gpt_5.4_mini,0,V2,0.14798779752631325,0.37733252599209527,-0.22934472846578202,2.4895672714761625,3.4064439026444657,-0.3682875500787939,0.9995987731874296,1.0,False,
CRD,gpt_5.4_mini,0,V3,0.3772476103963559,0.37733252599209527,-8.491559573936547e-05,2.4895672714761625,2.4879046383250674,0.0006678402187176857,0.9992237699776227,1.0,False,
CRD,gpt_5.4_mini,2,V0_true,0.0,0.0005513122777283108,-0.0005513122777283108,1.9988973754445434,1.9791665793322875,0.009870839971395706,0.9895832896661437,1.0,False,
CRD,gpt_5.4_mini,2,V1,0.6726499950784874,0.0005513122777283108,0.6720986828007591,1.9988973754445434,0.6354747187529712,0.682087371488171,0.9903873544549731,1.0,False,
CRD,gpt_5.4_mini,2,V2,0.0,0.0005513122777283108,-0.0005513122777283108,1.9988973754445434,1.9790835319399809,0.009912386572700327,0.9895417659699904,1.0,False,
CRD,gpt_5.4_mini,2,V3,0.727488421123261,0.0005513122777283108,0.7269371088455326,1.9988973754445434,0.5352560676430403,0.7322243381684352,0.9951164549447811,1.0,False,
CRD,gpt_5.4_mini,4,V0_true,0.9888776237437522,0.6221161617301765,0.36676146201357573,1.5104327285238377,0.0,1.0,0.9888776237437522,1.0,False,
CRD,gpt_5.4_mini,4,V1,0.97030605387381,0.6221161617301765,0.3481898921436335,1.5104327285238377,0.11720281578329708,0.9224044781538595,0.9996067578196343,1.0,False,
CRD,gpt_5.4_mini,4,V2,0.9043763909675332,0.6221161617301765,0.2822602292373567,1.5104327285238377,0.3812822812801418,0.7475675188442368,0.9996969612875687,1.0,False,
CRD,gpt_5.4_mini,4,V3,0.9994012718385777,0.6221161617301765,0.37728511010840127,1.5104327285238377,0.0,1.0,0.9994012718385777,1.0,False,
CRD,gpt_5.4_nano,0,V0_true,0.5307230902054657,0.022187692727326746,0.5085353974781389,3.842508734850743,1.6680523051439322,0.565894986779067,0.9999889528724012,0.9999973618164464,False,
CRD,gpt_5.4_nano,0,V1,0.45277827340995175,0.022187692727326746,0.430590580682625,3.842508734850743,1.9451105510694215,0.4937915082852826,0.9999877243452224,0.9999973618164464,False,
CRD,gpt_5.4_nano,0,V2,0.35129364741069374,0.022187692727326746,0.329105954683367,3.842508734850743,2.319654223716289,0.39631777471902274,0.9999914878106876,0.9999973618164464,False,
CRD,gpt_5.4_nano,0,V3,0.5486578994499036,0.022187692727326746,0.5264702067225768,3.842508734850743,1.527908274101993,0.6023670004327675,0.9999961887413993,0.9999973618164464,False,
CRD,gpt_5.4_nano,2,V0_true,0.1338604127464522,0.03436497075286787,0.09949544199358432,1.9312647821271571,1.732268141061117,0.10303954326079456,0.9999944832770107,0.9999973618164464,False,
CRD,gpt_5.4_nano,2,V1,0.3363167378288994,0.03436497075286787,0.30195176707603155,1.9312647821271571,1.327353780768207,0.3127023321441108,0.9999936282130029,0.9999973618164464,False,
CRD,gpt_5.4_nano,2,V2,0.24724646071454828,0.03436497075286787,0.2128814899616804,1.9312647821271571,1.505495478307593,0.22046138248873792,0.9999941998683447,0.9999973618164464,False,
CRD,gpt_5.4_nano,2,V3,0.28458320639540013,0.03436497075286787,0.25021823564253226,1.9312647821271571,1.4308243688934166,0.25912573866880095,0.9999953908421084,0.9999973618164464,False,
CRD,gpt_5.4_nano,4,V0_true,0.783616533342604,0.9434446983362518,-0.15982816499364783,0.15748071241504272,0.7824542748970547,-3.9685721057375263,0.9999951803951022,0.9999973618164464,False,
CRD,gpt_5.4_nano,4,V1,0.8879738688741183,0.9434446983362518,-0.05547082946213344,0.15748071241504272,0.4112256175986851,-1.6112760813203204,0.9999949274360592,0.9999973618164464,False,
CRD,gpt_5.4_nano,4,V2,0.9291764362742059,0.9434446983362518,-0.0142682620620459,0.15748071241504272,0.25324302692533207,-0.6080891624233091,0.9999965612039879,0.9999973618164464,False,
CRD,gpt_5.4_nano,4,V3,0.9625689379553684,0.9434446983362518,0.01912423961911658,0.15748071241504272,0.13673839079331923,0.13171340987496172,0.9999964056582326,0.9999973618164464,False,
